rule_id,rule_type,applicable_when,success_scenario,flip_scenario,alternative_boundary,brand_layer,source_pack_id
RL-KP-fabric_property-linen-natural-creases,fabric_recommendation_disclosure,面料=亚麻或棉麻 且 顾客场景=久坐或长时间通勤,提前说明自然折痕=纤维表情顾客接受后无售后异议,承诺全天不皱导致出褶后顾客认定品质问题或被骗,要求全天平整→转粘胶混纺；介意肘部出褶→推宽松直筒或落肩,domain_general,KP-fabric_property-linen-natural-creases
RL-KP-service_judgment-comfort-sensitive-trigger,customer_concern_disambiguation,顾客触发语包含 扎/热/透/勒/掉 中任意之一,识别具体维度并定向回应建立信任后续推荐被认真试穿,直接答不会导致信任流失整段接客陷入再看看,已明确表达单一维度→跳过反问；纯线上→走预置 FAQ,domain_general,KP-service_judgment-comfort-sensitive-trigger
RL-KP-display_rule-full-look-no-broken-size,display_inventory_gating,陈列单元=full_look_display 或 mannequin_display 整套目标,三件齐全可现场带走整套带走率提升,少一件就散顾客从我要这套变成那算了,辅件断码→拆为正挂位主推；全场成套不足→单模特+正挂位组合,domain_general,KP-display_rule-full-look-no-broken-size
RL-KP-product_attribute-core-category-7-plus-3,category_taxonomy_freeze,冷启动阶段且首批 Category 体系建设,10 个母类对齐接客/救场/陈列/培训四条业务路径,母类太多→库存稀薄；母类太少→接客颗粒过粗,未覆盖品类→进 skeleton_gap_register；子类需求→走 Attribute,domain_general,KP-product_attribute-core-category-7-plus-3
RL-KP-product_attribute-shared-6-decision-dims,attribute_dimension_enforcement,Category 建设或维护时,6 共用维度齐全跨模块查询不卡词,某 Category 漏挂共用维度→推荐与陈列在该 Category 失效,无法挂→进 skeleton_gap_register；新维度→走字典升级,domain_general,KP-product_attribute-shared-6-decision-dims
RL-KP-product_attribute-synonym-convergence,synonym_normalization,12 组明确归并清单内的同义术语,搜索/推荐/培训三处指向同一标准术语,多名并存导致跨模块分裂,新同义词→走字典升级；不得强收 4 组例外见 RL-no-forced-merge,domain_general,KP-product_attribute-synonym-convergence
RL-KP-product_attribute-no-forced-merge,synonym_anti_merge,4 组明确不得强收清单内的术语合并提案,推荐/话术/售后三处保持术语精度,强收→颜色/面料/版型/长度推荐错位+售后纠纷,前端可模糊提示但后端不合并,domain_general,KP-product_attribute-no-forced-merge
RL-KP-product_attribute-decision-level-hard-vs-high,attribute_decision_level_classification,Attribute 字典 decision_level 取值时,硬改触发整套重算高频改触发套内调整,决策级别错标→推荐重算时机错位,新候选→走字典升级；Category 差异→维度细化不破档,domain_general,KP-product_attribute-decision-level-hard-vs-high
RL-KP-display_rule-attribute-driven-display,attribute_driven_display_grouping,任意陈列单元布展或调整时,顾客一眼看出组的属性逻辑形成连带浏览,无属性轴→视觉嘈杂焦点失效；用展示字段分组→只看故事不看关系,多维度并存→选 1 主轴；库存稀薄→转焦点+故事化,domain_general,KP-display_rule-attribute-driven-display
RL-KP-product_attribute-display-only-fields,display_only_field_isolation,搭配推荐或陈列分组时遇到 6 个展示字段,决策字段与展示字段分层各司其职,用 fabric_story 做陈列分组→变内容秀；selling_points_copy 进推荐→同商品被算成不同结果,培训→supports_training 调取；详情页→content_generation 调取,domain_general,KP-product_attribute-display-only-fields
RL-KP-product_attribute-collection-cold-start-scope,collection_scope_freeze,冷启动阶段创建/消费 Collection 时,推荐保持灵活陈列与培训利用系列叙事不绑架搭配,硬约束→跨系列搭配被压制；过弱→浪费系列策划,个别系列硬约束→单独 collection_priority=hard；推荐场景→走 mapped_to_runtime,domain_general,KP-product_attribute-collection-cold-start-scope
RL-KP-styling_rule-proportion-split-37,hard_rule,通勤客/大众客群/显高显利落需求,3:7 或 4:6 视觉切分成立腿线连续显高,5:5 等分切割+卡胯+裙长停最粗处+鞋口叠刀显矮显钝,低腰复古/Y2K 风格反转放行；高腰下装断码优先换同长度高腰不能用低腰等效替代,domain_general,KP-styling_rule-proportion-split-37
RL-KP-styling_rule-silhouette-balance,hard_rule,通勤/大众/初次试穿/整组挂场,宽收对比成立穿上顺眼,上下同膨顾客觉得自己变壮,替代先守廓形角色再守颜色；高个偏瘦/oversize 街头风可反转,domain_general,KP-styling_rule-silhouette-balance
RL-KP-styling_rule-waistline-anchor,hard_rule,显高/显瘦/显精神诉求 + 梨形/H型/小个子/产后/通勤,腰线明确顾客觉得精神,长上衣全盖+低腰+无收束顾客觉得垮,高腰断码用腰带/短外套/层次制假腰线；不能用无腰线等效替代,domain_general,KP-styling_rule-waistline-anchor
RL-KP-styling_rule-one-focus,hard_rule,第一次种草/连带销售/安全成交盘,单一主角+其余降噪顾客一眼锁定,亮片+花+金属+大耳环顾客不下单,舞台/时装表达不在此限；主角断货替代保留主角功能,domain_general,KP-styling_rule-one-focus
RL-KP-styling_rule-color-echo,hard_rule,整套搭配/挂场分组/全部客群,至少两处颜色呼应整体显完整,孤立亮色其他断开画面散,同温度同明度替代；冷暖乱跳禁止；冲突感造型可放行,domain_general,KP-styling_rule-color-echo
RL-KP-styling_rule-neutral-plus-accent,soft_rule,通勤/怕出错/初次成交/安全盘/新导购首推,中性色打底+一处提气复制率高,全灰全米无材质层次显性冷淡,节庆/潮流年轻客群可高饱和反转；提气断货优先换配饰,domain_general,KP-styling_rule-neutral-plus-accent
RL-KP-styling_rule-structure-drape,soft_rule,想提升质感/客单较高门店/贵价商品搭配,材质对冲成立顾客觉得显贵,全软塌或全硬挺显廉价或老气,替代先守材质角色再守颜色；纯运动场景不适用,domain_general,KP-styling_rule-structure-drape
RL-KP-styling_rule-premium-item-neutralization,soft_rule,难卖主推款/设计感强商品/日常零售推荐,贵气+基础休闲降压顾客觉得能穿出门,贵气叠贵气视觉压迫顾客掉头,中和单品保留哑光/基础/低压力特征；婚礼/晚宴/典礼反转放行,domain_general,KP-styling_rule-premium-item-neutralization
RL-KP-styling_rule-face-brightness,soft_rule,成熟客/黄调肤色/熬夜脸/第一次试色,近脸提亮顾客气色好,近脸发灰发黄整体比例再对也显老,上装缺货优先替换近脸提亮件；强妆造场景不适用,domain_general,KP-styling_rule-face-brightness
RL-KP-styling_rule-formality-consistency,hard_rule,面试/会议/通勤/婚礼/商务男装,上下件正式度同级顾客觉得得体,套装配休闲鞋/礼服感配破洞牛仔顾客说不出但退,断码只能换同级正式度；混搭风可放行,domain_general,KP-styling_rule-formality-consistency
RL-KP-styling_rule-menswear-belt-shoe,hard_rule,男装西装/商务/婚礼/面试 formal dressing 场景,鞋腰带颜色皮质正式度一致顾客觉得专业,黑鞋浅棕编织带或正装鞋休闲带顾客掉头,鞋断货优先同色同正式度替代不换整套西装；纯休闲/球鞋/工装/无腰带场景反转放行,domain_general,KP-styling_rule-menswear-belt-shoe
RL-KP-styling_rule-single-problem-priority,hard_rule,全部导购/全部门店/全部接客场景,单点顾虑精准解决顾客成交,卖点堆满顾客决策瘫痪不下单,原款缺货替代必须优先守住顾客最在意的那一个点,domain_general,KP-styling_rule-single-problem-priority
RL-KP-styling_rule-substitution-priority-ladder,hard_rule,主件断码/库存救场/陈列替换,按四级顺序守功能替代后顾客接受,只长得像功能不一样顾客试穿后掉头,任一前三级掉级判定不能替代→进入库存救场或转向；不找长得像的找功能一样的,domain_general,KP-styling_rule-substitution-priority-ladder
RL-KP-styling_rule-looks-good-but-unsellable,hard_rule,门店推荐定稿/主推墙上墙/培训反例对照,通过 7 类反例筛选门店转化稳定,命中任一反例仍上推荐或上墙顾客不停留不下单,命中后回到对应正向规则修正：silhouette_balance/proportion_split/premium_item_neutralization/formality_consistency 或改造为问题解决墙,domain_general,KP-styling_rule-looks-good-but-unsellable
RL-KP-fabric_property-cotton-knit-familiar-trap,fabric_recommendation_disclosure,面料=棉针织/棉弹 且 顾客=粗放洗护或默认纯棉零风险,前置六类风险，顾客接受洗护小心后无售后异议,只讲亲肤吸汗未讲风险 → 洗一次回缩或白色透出 → 退换/差评,要求领口不松→罗纹高密；白色怕透→双层或深色；要免烫→梭织棉,domain_general,KP-fabric_property-cotton-knit-familiar-trap
RL-KP-fabric_property-viscose-modal-tencel-mirror-win,fabric_recommendation_disclosure,面料=粘胶/莫代尔/天丝 且 顾客在意修形或贴肉,把软垂讲为顺身体而非修形，前置六类风险 → 顾客接受流动感,把软垂卖成修形 → 顾客觉得显胖或暴露体表 → 退换/差评,要清晰轮廓→梭织棉麻/重磅缎；要流动感不挂长→厚克重莫代尔混纺,domain_general,KP-fabric_property-viscose-modal-tencel-mirror-win
RL-KP-fabric_property-silk-acetate-satin-honest-fabric,fabric_recommendation_disclosure,面料=真丝/醋酸/高光泽缎 且 顾客可能在意暴露感,前置光泽放大效应+七类风险 → 顾客按容忍度选款无售后,只卖光泽不讲暴露感 → 上身发现腹部/内衣边明显 → 退换/差评,怕暴露→哑光仿缎/砂洗真丝；怕勾丝→高密织法；怕静电→真丝主成分而非涤纶缎,domain_general,KP-fabric_property-silk-acetate-satin-honest-fabric
RL-KP-fabric_property-wool-cashmere-care-claim-bound,fabric_recommendation_disclosure,面料=羊毛/羊绒/毛混 且 顾客问机洗或起球或刺痒,先看 care claim 再答 + 前置六类风险 + 破除三大误判 → 顾客按标洗护无纠纷,拍脑袋答机洗或承诺羊绒不起球 → 毡缩或起球 → 退换/差评,一律机洗→Machine Washable防缩款；刺痒敏感→美利奴细支；介意起球→紧捻高密针织,domain_general,KP-fabric_property-wool-cashmere-care-claim-bound
RL-KP-fabric_property-denim-twill-mirror-not-truth,fabric_recommendation_disclosure,面料=牛仔/斜纹重棉 且 顾客有久坐/蹲起/浅色搭配场景,前置五类风险+按场景选款 → 顾客接受支撑感与穿着代价无纠纷,只卖显瘦有精神 → 久坐勒腰/掉色/回缩 → 退换/差评,久坐怕勒→高弹力混纺；怕掉色→水洗退浆款；怕回缩→Sanforized预缩或大一码,domain_general,KP-fabric_property-denim-twill-mirror-not-truth
RL-KP-fabric_property-chiffon-organza-layering-tool,fabric_recommendation_disclosure,面料=雪纺/欧根纱/轻透材 且 顾客想单穿显瘦,定位为层次工具+前置五类风险 → 顾客叠穿氛围成立无纠纷,卖为单穿主力 → 透出体表/内衣 → 退换/差评,要单穿→带衬里乔其或厚款；怕静电→含天然纤维或抗静电整理；怕勾丝→欧根纱或带肌理款,domain_general,KP-fabric_property-chiffon-organza-layering-tool
RL-KP-fabric_property-polyester-nylon-functional-no-blanket,fabric_recommendation_disclosure,面料=涤纶/锦纶/功能化纤 且 顾客问化纤或好打理,按四维分水岭+前置六类风险 → 顾客按场景选款无纠纷,只讲好打理或一刀切贬低化纤 → 闷热/发亮投诉或话术失信,怕闷→含天然纤维或吸湿排汗整理；怕发亮→哑光后整理；怕静电→抗静电整理款,domain_general,KP-fabric_property-polyester-nylon-functional-no-blanket
RL-KP-craft_quality-preshrink-wash-set-after-sale-front,craft_promise_gate,推荐遇水易变形面料 且 准备说耐穿稳定好打理,工艺信息齐全且到位 → 可用稳定卖点 → 顾客洗后无走样,无工艺信息但仍承诺不会缩 → 走样 → 退换/差评,信息不可得→改代偿话术；要全机洗→Sanforized款,domain_general,KP-craft_quality-preshrink-wash-set-after-sale-front
RL-KP-craft_quality-sewing-stitch-pucker-near-eye,craft_signal_recognition,近看款顾客对缝口提出疑问 或 店员近距离品质讲解,识别并坦诚解释四源 → 顾客认可懂行 不视为黑点,归咎线松紧或反驳设计感 → 信任受损 或 把明显失败品当讲究卖,面料致皱→坦诚说明；针线规格→换批；明显失败→换款换码,domain_general,KP-craft_quality-sewing-stitch-pucker-near-eye
RL-KP-craft_quality-fusing-lamination-silhouette-gate,craft_promise_gate,推荐讲轮廓款 且 准备喊挺立利落骨架卖点,衬与贴合到位 → 穿几次后无翻边起泡 → 卖点成立,衬未到位仍喊挺立 → 翻边起泡脱层 → 退换/差评,无法确认衬到位→改卖面料/版型/设计感；已起泡→换款换码,domain_general,KP-craft_quality-fusing-lamination-silhouette-gate
RL-KP-craft_quality-dye-fastness-daily-risk,craft_quality_disclosure,推浅深拼接/深色/长期背包/浅色叠穿单品,前置褪色沾色风险+建议首次单洗 → 顾客无染色事故,只对深色提风险 → 拼接沾色或包带褪色 → 退换/差评,在意沾色→水洗退浆或浅色款；浅深叠穿→加隔层或选高色牢度款,domain_general,KP-craft_quality-dye-fastness-daily-risk
RL-KP-craft_quality-brushing-napping-aging-speed,craft_promise_gate,推荐用软糯绒暖亲肤做卖点的单品,表层处理+摩擦位耐受到位 → 三次穿后无显旧 → 卖点成立,无防起球整理仍喊耐穿亲肤 → 三次后球化 → 退换/差评,高频背包党→紧捻高密或防起球整理；短周期款→改卖季节亮点,domain_general,KP-craft_quality-brushing-napping-aging-speed
RL-KP-craft_quality-pleat-topstitch-pattern-match-care,craft_promise_gate,推讲究款 且 准备喊做工感品质感工艺感卖点,四项细节同时过关 → 近看用心 → 卖点+陈列高级层级成立,四项任一不过仍喊讲究 → 顾客近看判定将就 → 信任受损,部分不过关→改卖面料/版型/设计；高级位需要候补→选四项全过关替代款,domain_general,KP-craft_quality-pleat-topstitch-pattern-match-care
RL-KP-fabric_property-soft-not-equal-premium,misjudgment_correction,店员或顾客把软作为高级判断核心 且 软垂面料,纠偏为触感+前置三类风险 → 顾客理性选择无投诉,把软=高级卖给在意贴肉/挂长顾客 → 暴露体表 → 退换/差评,真要高级感→重磅缎/廓形面料；爱软触感→接受贴肉挂长选适合款,domain_general,KP-fabric_property-soft-not-equal-premium
RL-KP-fabric_property-heavy-not-equal-quality,misjudgment_correction,店员或顾客用掂手感重做质感判断,用五维替代手掂 → 顾客避开过重压身款无投诉,把重=质感 → 顾客发现压肩/闷 → 退换/差评,在意质感→五维替代；怕压身→相同结构更轻克重款,domain_general,KP-fabric_property-heavy-not-equal-quality
RL-KP-fabric_property-wrinkle-not-equal-low-grade,misjudgment_correction,店员或顾客把会皱等同于低级,区分两类皱+做接受度判断 → 顾客理性接受材质表情类,统一定义会皱=低级 → 错失适合顾客 或 用材质表情借口糊弄真缺陷,不接受表情类→免烫混纺；要求全天平整→定型工艺到位款；缺陷类→按品质问题处理,domain_general,KP-fabric_property-wrinkle-not-equal-low-grade
RL-KP-fabric_property-gloss-not-equal-luxe,misjudgment_correction,店员或顾客把光泽等同显贵,区分两类光泽+提示放大器属性 → 顾客按条件选自然柔和光款,把任何光泽卖成显贵 → 自然光下塑料感 → 退换/差评,真要显贵→重磅真丝/醋酸缎；在意体表痕迹→哑光仿缎；塑料反光→改卖派对短时穿着,domain_general,KP-fabric_property-gloss-not-equal-luxe
RL-KP-fabric_property-pure-cotton-not-zero-risk,misjudgment_correction,店员或顾客把纯棉等同零风险,纠偏成成分维度+四类共性风险+针织额外三项 → 顾客理性选择无投诉,用纯棉做万能背书 → 顾客发现透/卷/缩/变形 → 退换/差评,要零风险→高稳定棉混合化纤；针织棉→显式提领口下摆稳定性；薄浅色→推内搭,domain_general,KP-fabric_property-pure-cotton-not-zero-risk
RL-KP-fabric_property-composition-only-no-scenario-bound,misjudgment_correction,店员推荐或回答只停留在成分层,讲成分+问六维情境绑定动作 → 同款不同顾客得不同建议都成立,只讲成分忽略场景 → 情境不匹配翻车 → 退换/差评,情境信息不全→问1-2关键问题；顾客拒答→列风险让自评；培训→用do_dont_contrast,domain_general,KP-fabric_property-composition-only-no-scenario-bound
RL-KP-craft_quality-store-risk-discipline-evidence-first,store_unified_voice,店员回答任何 8 类风险问题,按风险种类引用对应证据维度回答 → 跨门店口径稳定 顾客信任,凭手感/感觉/挂着平判断 → 洗后翻车 → 退换/差评,无证据→用代偿话术；坚持直答→基于证据的概率描述；证据冲突→洗护标>店员经验,domain_general,KP-craft_quality-store-risk-discipline-evidence-first
RL-KP-training_unit-microlearning-not-long-course,training_format_policy,设计/采购/复用任何门店培训内容,改用微学习+情境+Do/Don't+提取练习员工现场能复现,做成长课/PPT灌输/看过即学完培训完成率高但执行率低,合规法律内容仍需系统化；纯线上文档需调整提取练习方式,domain_general,KP-training_unit-microlearning-not-long-course
RL-KP-training_unit-priority-by-impact-frequency-trust,training_priority_policy,编排首批训练单元清单或季度培训规划,按三维度评分挑选首批8-12单元集中在Top8错误上门店成交最先变化,平均用力铺大全高优先级错误未被改掉信任持续流失,合规安全类必须100%覆盖；稳定门店改为按30天异常事件驱动,domain_general,KP-training_unit-priority-by-impact-frequency-trust
RL-KP-training_unit-standard-action-vs-judgment-skill,training_format_mapping,设计或改造任一培训单元,按 skill_type 匹配格式动作类拍手部空间动作判断类放情境演练,格式错配员工听过看过但现场做不出来或只会套万能话术,混合型单元拆成两段；资源紧张先保 judgment_skill,domain_general,KP-training_unit-standard-action-vs-judgment-skill
RL-KP-training_unit-customer-first-look-judgment,customer_intake_classification,顾客进店后导购第一次接触前 20 秒,20 秒内分入 4 型并选定向开口顾客被命中诉求愿意接话,上来报卖点/价格/面料顾客回再看看整段接客失效,老顾客可跳过分类；明确单品型可直进单品路径,domain_general,KP-training_unit-customer-first-look-judgment
RL-KP-training_unit-try-on-guidance-one-main-one-backup,try_on_guidance_policy,顾客进试衣间前 30 秒,先答主担忧再给主+备 2 件顾客能清楚说出适合或不适合理由,塞 3-5 件进试衣间顾客出来只说都还行或再看看决策信号丢失,顾客明确自助试穿→尊重；促销扫货模式→改为先收件后筛,domain_general,KP-training_unit-try-on-guidance-one-main-one-backup
RL-KP-training_unit-body-shape-objection-structure-points,body_shape_objection_response,顾客抛出身型类顾虑（显胖/显矮/显胯/显腿短/显脖短等）,导购指出至少 2 个具体结构点的作用并请顾客在镜前确认顾客认同建立专业感,只会空喊显瘦显高顾客觉得是套路本款及后续推荐均被否,实质是面料/颜色伪装→走对应路径；本款确实不利→诚实转向,domain_general,KP-training_unit-body-shape-objection-structure-points
RL-KP-training_unit-fabric-touch-before-spec,fabric_explanation_sequence,顾客对面料发问或在镜前犹豫面料体感,先邀请摸袖口/里层/领口再用比喻翻译成参数顾客形成具体记忆,上来背成分克重顾客敷衍回应面料话题打不开,线上场景改为高质量视频+比喻；面料专业顾客可跳过触摸,domain_general,KP-training_unit-fabric-touch-before-spec
RL-KP-training_unit-styling-error-top-priority-eight,error_priority_focus,冷启动或大批新人入职首批纠错训练编排,首批培训资源100%聚焦8类Top错误门店成交在4-8周内可观测改善,20类平均铺开员工记不全用不出8类高优先级错误继续发生,稳定门店改为月度异常事件驱动；合规安全不参与此裁剪,domain_general,KP-training_unit-styling-error-top-priority-eight
RL-KP-training_unit-substitution-honest-disclosure,substitution_disclosure_policy,顾客想买的款断码/断色/缺整套→进入替代或转向,明确告知是替代+说清哪里变了+解释为什么仍成立+邀请确认长期信任建立,把替代说成同款/硬推不合尺码/不解释换色/只否定不转向退货+差评+连带新客流失,替代过远→直接放弃；调拨场景走调拨话术不走本规则；顾客已自决→尊重,domain_general,KP-training_unit-substitution-honest-disclosure
RL-KP-training_unit-on-floor-four-layer-assessment,assessment_layer_mapping,培训单元完成 / 新人入职满 4 周 / 季度复评,按 skill_type 选层验收培训完成与现场执行两条曲线对齐,做背题/答题/签到员工过了但门店实际没改善培训系统失公信力,合规法律加书面项不替代四层；远程门店用视频补 A/B/C，D 层须线下补做,domain_general,KP-training_unit-on-floor-four-layer-assessment
RL-KP-training_unit-auto-trigger-rules,training_auto_dispatch,已运营门店采集到 6 类信号之一,信号触发即派发 microlearning 单元错误从月级到周级被纠偏,靠月度排课错误反复发生直到顾客投诉/退货才进入复盘队列,新店 7 天内用首批计划替代；无数据系统时改店长日志手工判定,domain_general,KP-training_unit-auto-trigger-rules
RL-KP-training_unit-role-binding-frontline-priority,training_role_binding_priority,首批培训对象编排或培训资源分配复盘,前线 3 岗优先绑定 TrainingMaterial 门店执行率提升,总部岗位优先前线边缘化门店执行长期拉不起来,纯设计开发知识优先 designer/sample_worker；合规流程类全岗位覆盖,domain_general,KP-training_unit-role-binding-frontline-priority
RL-KP-training_unit-color-hesitation-disambiguation,color_concern_disambiguation,顾客对颜色发问或在镜前犹豫颜色,拆到 4 类顾虑之一并定向回应颜色话题被打开推进到下一步,只回显白百搭顾客敷衍放下衣服本款及颜色突破点失效,纯审美偏好直接转替代色；明确单一顾虑直接走对应路径,domain_general,KP-training_unit-color-hesitation-disambiguation
RL-KP-display_rule-window-display-purpose,window_display_setup,上新/季节切换/节庆活动/主推变更,路人看懂主推+进店率提升,店外好看店内拿不齐/塞太多/道具压货/季节错位,库存稀薄→单焦点+主题道具；季节切换→双焦点过渡,domain_general,KP-display_rule-window-display-purpose
RL-KP-display_rule-mannequin-display-purpose,mannequin_look_setup,上新/模特位调整/主推切换,整身穿着结果引发试穿欲整套带走率提升,像大片不像门店/主件有货配件没货/层次过重,配件断码→同气质替代或退正挂；层次重→减层留点睛；多模特无 hold→退单模特,domain_general,KP-display_rule-mannequin-display-purpose
RL-KP-display_rule-front-hanging-purpose,front_hanging_setup,上新/主推切换/日常陈列维护,顾客一眼锁定第一主款主推转化率提升,一排都是重点/颜色风格长度乱/挂没货样子款,主推无货→临时下撤；多候选冲突→选一个进正挂,domain_general,KP-display_rule-front-hanging-purpose
RL-KP-display_rule-side-hanging-purpose,side_hanging_setup,日常补货/上新衍生/季节换挂,顾客敢翻愿拿能找自己的码色版型,像仓库/挂太满/顺序乱/季节混挂,库存稀薄→收并正挂；季节切换→先清旧再上新,domain_general,KP-display_rule-side-hanging-purpose
RL-KP-display_rule-folded-display-purpose,folded_display_setup,日常补货/上新衍生/折叠位维护,顾客敢抽能展开看面料顺手加购,叠太高/尺码混叠/没打开样件/只求齐,库存稀薄→正挂单挂或收回库；样件易脏→2 小时补换机制,domain_general,KP-display_rule-folded-display-purpose
RL-KP-display_rule-display-first-then-speak,visual_first_then_verbal,4 类指定场景；门口/成套位/新款陈列前,顾客完成视觉判断后主动询问；导购话术直接落在她已经认可的视觉点上，转化高,顾客刚停下就被开口打断，视觉判断流断裂，礼貌走开,"顾客停留超过 90 秒未主动开口 → 用一句""模特那身用的就是这件""切入，不要追问需求；模特位陈列效果与单品差异大 → 提前说明，避免试穿落差",domain_general,KP-display_rule-display-first-then-speak
RL-KP-inventory_rescue-can-rescue-scenarios,rescue_axis_substitution,5 类指定场景且核心轴有库存可对齐,"替代品成交且顾客理解""为什么是它""，复购信任不减",不识轴硬换（如周末社交客被推通勤款），核心轴错位，顾客拒绝,"核心轴库存也断 → 转预售/调货，不强凑；顾客明确""我只要那一款"" → 退出救场，不强转",domain_general,KP-inventory_rescue-can-rescue-scenarios
RL-KP-inventory_rescue-no-rescue-scenarios,rescue_refusal_disclosure,3 类指定场景的关键参数断码,顾客感到被坦诚对待，复购信任不损甚至加强,"用""还行""""差不多""硬救，顾客试穿后落差大，当场流失或日后差评",改场合定位（应急客可降级到 weekend 或 commute 路径）；顾客愿意等 → 预留款 + 到货通知；顾客不愿等也不接受替代 → 礼貌结束接客，不留尴尬,domain_general,KP-inventory_rescue-no-rescue-scenarios
RL-KP-service_judgment-budget-controlled,budget_axis_first,顾客明确说出预算或价格上限的接客,"顾客在预算内带走 1-2 件并对""值""有清晰说法，复购信任建立","用""再加一件就更划算""的话术，顾客感觉被推销超预算，反而退回原本想买的","单件主力断码 → 同价位带同功能位替；不退到组合路径；顾客摇摆主力 vs 组合 → 用""上次复购数据""或""利用率比较""帮她锁",domain_general,KP-service_judgment-budget-controlled
RL-KP-service_judgment-commute-mainstay,utility_anchored_set,一线/二线日常通勤客；办公室或商务场景,第二套挂上利用率理由后顾客带走；后续成为复购锚点,"第二套继续用""也挺百搭""话术，顾客回""先看看""，回头率低","顾客明确""今天就要带一件"" → 跳过第二套利用率铺垫，直接锁第一套；库存断码 → 同功能位换色/换细节，禁换核心版型",domain_general,KP-service_judgment-commute-mainstay
RL-KP-service_judgment-functional-gap-fill,wardrobe_map_then_fill,"顾客明确说出""缺什么""的接客","顾客带走那一件并主动说""刚好缺这个""，复购预期高",想顺手加推第二主件，顾客感到被推销，连原本想买的那件也搁置,缺位件断码 → 同功能位的同色/同版型替；可救率高；顾客对自己衣柜不熟 → 改走通勤主力或周末社交路径,domain_general,KP-service_judgment-functional-gap-fill
RL-KP-service_judgment-greeting-master-principles,greeting_decision_order,任何门店接客,四原则按顺序走完，10 类细分场景都能命中正确判断起点,颠倒顺序（先推货再判任务/先给套再问顾虑/三套同一逻辑/嘴上松就硬救），整段接客失败,顾客拒绝沟通 → 仍按原则 1 静默判断任务后再决定是否开口；客流爆满 → 砍原则 3 的第三套，但前两条不能砍,domain_general,KP-service_judgment-greeting-master-principles
RL-KP-service_judgment-must-ask-first,precondition_question_first,6 类指定场景的接客起点,前置参数齐 → 第一套精准 → 第二套有方向 → 成交概率显著提升,"跳过追问直接推货，顾客觉得""和我没关系""，整段接客白烧","顾客拒答 → 用同类客的 2-3 个常见参数选项让她挑（缩窄而非放弃）；顾客自带参数（如已说""我穿 M 码""） → 跳过对应追问，直接进推荐",domain_general,KP-service_judgment-must-ask-first
RL-KP-service_judgment-new-item-cannot-style,dual_path_styling,新款/设计款单品接客,顾客带走主件 + 至少 1 件搭配件，回家后真的穿出去,"只给一条搭法或夸""百搭""，顾客带回去发现""不会穿""，变成衣柜挂件","出彩穿法库存断 → 退到保守穿法 + 1 件可换鞋说明，仍可成交；顾客对两条路都不接受 → 进 styling_rule 的""风格反转""边界，重新匹配气质",domain_general,KP-service_judgment-new-item-cannot-style
RL-KP-service_judgment-ready-made-full-set,motive_disambiguation_then_set,顾客主动放弃挑选权的接客,顾客认同第二套整体感，整套带走或带 2 件以上,"把""现成""理解成""快速凑""，断码后随手换件，整体气质崩，顾客只带 1 件甚至空手走","整套断码 → 退回到""主件 + 1 件辅件""的最小成套，不强凑 3 件；顾客对成套位某件不满 → 同气质同场景替换，不跨气质替换",domain_general,KP-service_judgment-ready-made-full-set
RL-KP-service_judgment-repeat-purchase-replenish,satisfaction_axis_disambiguation,"顾客带""上次买过""参照的接客","顾客认可""这条和上次那条是一个逻辑""，复购完成且对店员信任加深","凭印象拿""差不多的""，顾客对照旧款发现核心轴不对，当场退或日后差评","原款全断 → 同逻辑同轴替；明确告知""这是同一逻辑下的替代款""；顾客自己说不清满意点 → 拿出历史购买记录辅助回忆，再锁轴",domain_general,KP-service_judgment-repeat-purchase-replenish
RL-KP-service_judgment-second-third-set-blocker,second_set_logic_switch,5 类指定场景的第二/第三套推荐,第二套打中场景特定逻辑，整套或主件成交,"用第一套的逻辑重复推第二、三套，顾客觉得""都差不多""，全部退出",顾客自带第二套方向 → 顺势承接，不必硬切到模板；时间不允许（应急下顾客赶时间）→ 砍第三套，第二套必须打透,domain_general,KP-service_judgment-second-third-set-blocker
RL-KP-service_judgment-shape-correction,body_anchor_then_fit_lock,顾客主动披露身体顾虑的接客,顾客在镜子前主动转身、放松，接受第二/三套微调；建立长期信任,"用""不会显胖""等空话搪塞，关键参数没对上，顾客脱掉就走且不再回头","关键参数库存断 → 转告""这版我们当前救不了""，预留下次到货；顾客顾虑模糊（说""全身都不太满意""） → 用 1 件试穿建立基线再细化",domain_general,KP-service_judgment-shape-correction
RL-KP-service_judgment-urgent-full-look,scenario_first_then_set,任何带明确场合与时间锁的应急接客,第二套打中本人气质，顾客整套带走或带主件；信任在场合上锁定,"上来就抓款配套，第一套""能去""但第二套塌方，顾客觉得""都还行但都不像我""，最后空手走","主件断码且气质无替代 → 转告顾客""这套救不了""，引导改场合定位；时间极紧（当天要穿）→ 砍掉第三套，集中火力把第二套打透",domain_general,KP-service_judgment-urgent-full-look
RL-KP-service_judgment-weekend-social,vibe_first_then_garment,周末/节前接客；带社交目的的客流,顾客在成套位前停留并主动问，整套或主件带走，回头率高,"把周末客按通勤客推（强调耐穿百搭），顾客觉得""和我场景没关系""，礼貌走人","库存断码 → 同气质换款（松弛仍是松弛，精致仍是精致）；顾客犹豫第二套 → 增加""拍照效果""""场合预演""话术，不增 SKU 数",domain_general,KP-service_judgment-weekend-social
RL-KP-training_unit-greeting-format-lock,training_format_lock,10 类接客场景与 5 类跨切裁决的培训,员工在真实接客中自动跳出正确动作，复购与转化指标改善,用长视频/话术稿/PPT 培训，员工背得出但用不出，接客现场仍按惯性走,4 种格式之外的新格式提案 → 进 unprocessable_register 分类 needs_human_judgment；紧急上线场景（如新政策当天落地）→ 用 pre_shift_micro_coaching 优先承接,domain_general,KP-training_unit-greeting-format-lock
RL-KP-service_judgment-private-outlet-needs-sales-associate-base,persona_roleprofile_binding_for_private_channel,注册 styling_advisor 或设计私域内容生成链,styling_advisor 必挂 sales_associate，私域内容含真实导购体感，转化打通,Persona 不挂 sales_associate，私域内容像 KOL，导购体感缺失 → 转化失败,纯品牌官号公域不强制；非导购私域按对应 RoleProfile 挂接,domain_general,KP-service_judgment-private-outlet-needs-sales-associate-base
RL-KP-training_unit-founder-profile-brand-unique-layer,object_layer_binding,为品牌注册 Persona 体系或决定 FounderProfile 归位,FounderProfile 仅服务 founder_ip，通用 Persona 池保持可复用且互不污染,FounderProfile 被当通用 Persona，founder 口吻渗入其他内容，品牌真实性破坏,无创始人文化品牌走柔性使用，不强填不更名,domain_general,KP-training_unit-founder-profile-brand-unique-layer
RL-KP-training_unit-founder-profile-soft-use-no-rename,founder_profile_enablement_decision,多品牌建模或新品牌入场 FounderProfile 启用裁决,对象命名冻结，按 enablement_flag 开关启用，多品牌池干净,为照顾差异化品牌派生命名，对象池污染，伪问题被回避,display_name 可本地化但 object_type 不变；多创始人合伙暂按 0 份,domain_general,KP-training_unit-founder-profile-soft-use-no-rename
RL-KP-training_unit-persona-vs-roleprofile-layering,persona_count_governance,冷启动阶段决定通用 Persona 数量或收到扩 Persona 需求,Persona ≤3 稳定可复用，新岗位走 RoleProfile，调用入口稳定,Persona 池膨胀且每套缺岗位底座，内容空心 + 调用碎片化,成熟期可扩，但需同步配齐 RoleProfile 才能上线,domain_general,KP-training_unit-persona-vs-roleprofile-layering
RL-KP-training_unit-roleprofile-not-speaking-shell,persona_roleprofile_call_chain,设计内容生成 Prompt 链或评估人设真实感,Persona 调用 RoleProfile，内容既有人设辨识度又有岗位真实感,RoleProfile 直接对外或 Persona 悬空，内容失真或像通用 KOL,纯品牌叙事走 FounderProfile 链路；纯参数文案不走该路径,domain_general,KP-training_unit-roleprofile-not-speaking-shell
RL-KP-product_attribute-persona-six-field-shell,persona_field_shell_enforcement,Persona 字典建设或维护时,6 字段壳一致下游 Prompt 直接消费,自行扩字段→下游模板对不上字段名内容跳变,新字段→走字典升级；role_type 多值争议→进 Pending,domain_general,KP-product_attribute-persona-six-field-shell
RL-KP-product_attribute-persona-field-fill-state,persona_field_maturity_classification,字段值更新或下游消费前,frozen 直用 candidate 挂池 pending 给降级提示,字段裸奔进 Prompt→事后无法溯源问题源,多 Q 承接→多挂不掩盖；最小集与候选池并存→保持 candidate,domain_general,KP-product_attribute-persona-field-fill-state
RL-KP-product_attribute-compatible-with-edge-properties,relation_edge_property_specification,Persona × ContentType 兼容边创建或调档时,三属性齐全派生引擎可无歧义计算展示档,缺 reason→后期调档断链,新档→走升级提案；细化→扩 properties_json 子字段,domain_general,KP-product_attribute-compatible-with-edge-properties
RL-KP-service_judgment-platform-derivation-not-source,relation_source_vs_derivation_judgment,Persona/ContentType × Platform 关系提案出现时,拒绝立真源走派生公式 Schema 不膨胀,为查得到而立边→54 边膨胀为 540 与 Q3 tier 重复维护,性能问题→物化视图；想用统称→描述性术语不立实体,domain_general,KP-service_judgment-platform-derivation-not-source
RL-KP-service_judgment-frontline-cover-public-and-private,frontline_channel_coverage_enforcement,styling_advisor/store_operator 主导的内容线进派生视图时,公域+私域同时命中输出双清单门店转化路径完整,只做公域不做私域→最贴近成交的渠道缺内容门店转化掉队,私域未接通→标覆盖不全；不适合私域→人工豁免记录原因,domain_general,KP-service_judgment-frontline-cover-public-and-private
RL-KP-service_judgment-derivation-formula-eight-row,derivation_formula_application,三元组 (Persona ContentType Platform/Channel) 进派生时,8 行查表无歧义档位全链路对齐,临时加第 5 档→公式分支爆炸下游对不上,新 tier→扩公式行；过渡档→走豁免清单不污染表,domain_general,KP-service_judgment-derivation-formula-eight-row
RL-KP-training_unit-store-manager-rhythm-first,store_rhythm_diagnosis,店长开店前/高峰前/闭店复盘四看场景,按货场主次→店员站位→顾客停顿→后场接力四步走完先稳节奏再谈成交团队站位与主次到位当日成交无需救火,先看哪件衣服漂亮或先冲销量不稳团队弱信号被忽略直到顾客流失或新人话术失手才反应,新店7天内站位与主次未稳→第1-2步用首批SOP兜底；早场顾客极少→第3步降级为主动观察1-2个停顿,domain_general,KP-training_unit-store-manager-rhythm-first
RL-KP-training_unit-warehouse-supervisor-fact-not-promise,inventory_promise_discipline,前台对顾客做出库存承诺/调货答复/替代款/成套搭配推荐前,仓库主管对4类乱推立刻回拒并复盘前场承诺与后场事实对齐顾客无落差复购信任建立,凭印象承诺断码当齐码替代当同款调货未确认成套与货况脱节→退货+差评+信任流失,顾客愿等且接受待确认→走预售/到货通知；替代款气质差距过大→走inventory_rescue不可救场景,domain_general,KP-training_unit-warehouse-supervisor-fact-not-promise
RL-KP-training_unit-designer-locate-defect-source,garment_defect_root_cause_locate,样衣评估/版型初判/修改建议会议/新人设计稿评审,先按版型/面料/细节三选一定位问题来源一次改版到位1.0/2.0/3.0版本对照可见迭代逻辑,不定位直接改→改了细节其实是版型问题→反复改版仍不成立浪费打样资源错过上新窗口,三层都有问题且修改成本过高→走砍掉方案；设计逻辑与商品逻辑冲突无法调和→升级design_director裁决,domain_general,KP-training_unit-designer-locate-defect-source
RL-KP-training_unit-sample-worker-rework-as-judgment,rework_as_quality_judgment,打样/裁剪/缝制/返工/设计要求转工序动作,识别工艺风险点定位高失败概率工序预判质感风险返工区分补表面vs补根因正确/失败线迹对照库形成,只追求完成不追求质感/只看图不看工艺单/返工只补表面/以为快=熟练→量产同问题复发质感掉档,设计图工艺无法落地→反推designer修改设计稿；工艺风险已知但本批必须出货→转告design_director决定降标或推迟,domain_general,KP-training_unit-sample-worker-rework-as-judgment
RL-KP-training_unit-merch-director-stylable-not-sellable,stylable_vs_sellable_diagnosis,上新节奏排期/货品结构判断/爆款补深决策/搭配组合提案/门店反馈联动复盘,单套搭配同时挂上货品结构+价位+连带+体感+门店承接5个维度整体动销与连带率提升,搭配出片好看但只走1-2件主推结构未挂上→模特出片成立但货品端连带断裂滞销库存累积,设计端坚持单套出片优先→走design_director裁决；门店反馈与商品逻辑冲突无法调和→进needs_review专题复盘,domain_general,KP-training_unit-merch-director-stylable-not-sellable
RL-KP-inventory_rescue-customer-priority-six-axes,customer_substitution_priority,soft_substitute 后排序候选替代款,先满足能用再满足像顾客接受度高,推像但穿不上或场合不符的顾客试穿退或回家退,Lv1 全淘汰→redirect；只剩低级匹配→改打利用率卖点；顾客锚色→按锚点重排但不跳 Lv1,domain_general,KP-inventory_rescue-customer-priority-six-axes
RL-KP-inventory_rescue-display-priority-five-axes,display_substitution_priority,陈列原方案某件断货需要替换,画面与深度同时成立连带浏览稳定,只追主题→单码顶主推；只追深度→陈列像仓库,Lv1 都不过→整组主题重写；Lv4 严重不足→降级单元；Lv5 破调→独立小区位,domain_general,KP-inventory_rescue-display-priority-five-axes
RL-KP-inventory_rescue-hard-block-five-conditions,hard_block_gating,任意推荐/陈列/接客/内容动作落地前,命中即停顾客感到门店在替我把关复购信任建立,用话术绕过硬条件试穿/到场后流失或差评,H2→重同步后再决策；H1/H4 顾客愿等→预留+到货通知；H3→拆单品并明示；H5→直接 give_up,domain_general,KP-inventory_rescue-hard-block-five-conditions
RL-KP-inventory_rescue-match-result-output-shape,inventory_match_result_contract,任意 inventory_match runtime 输出,8 字段齐全四下游链路无歧义消费事故可归因,自由式或缺字段下游硬猜误动作事故难追,字段无法计算→填 unknown 不跳；字段冲突→以 hard_block_reason 为准；新字段→走升级提案,domain_general,KP-inventory_rescue-match-result-output-shape
RL-KP-inventory_rescue-shallow-vs-deep-sensing,inventory_sensing_layering,库存事实进入推荐/陈列/接客/培训四链路,下游动作挂深感知前线动作精准浅感知保留过滤兜底,下游裸跑浅感知断码上主推单码上主陈列救场误判 give_up,深字段缺失→默认保守兜底；last_sync 过期→直接 hard_block；系统/现场冲突→现场为准并触发同步,domain_general,KP-inventory_rescue-shallow-vs-deep-sensing
RL-KP-inventory_rescue-soft-substitute-four-paths,soft_substitute_path_selection,已过 hard_block 且原款关键属性缺失,按 4 路径择优替代且明示替代逻辑顾客接受成交,把替代款说成差不多就是这个顾客试穿后退或差评,4 路径全失败→redirect 或 give_up；R3 廓形价带不达标→降低质量；R4 多件配件断→退 R3 或单品,domain_general,KP-inventory_rescue-soft-substitute-four-paths
RL-KP-inventory_rescue-state-catalog-six-states,inventory_state_classification,任一 SKU 进入推荐/陈列/接客判断前,6 状态查表得到具体推荐/陈列/替代/话术 4 件套门店动作精准,把有货当布尔值用断码当主推顾客试穿后流失,同时落 2 类→取更严；6 状态无法覆盖→走 last_sync 过期硬拦截,domain_general,KP-inventory_rescue-state-catalog-six-states
RL-KP-inventory_rescue-three-sentence-discipline,rescue_three_sentence_protocol,接客遇到库存缺口,三句话顺序+三禁全守复购信任建立,先夸后断/替代说成原款/硬塞不合适当单成交但复购崩,顾客赶时间→压缩但不省事实；跨店调拨→扩展兜底；顾客自决→跳第二句,domain_general,KP-inventory_rescue-three-sentence-discipline
RL-KP-product_attribute-persona-three-shell-coverage,persona_three_shell_coverage_check,冷启动阶段确定通用 Persona 集合或评估某类内容是否有承接,三套覆盖三类视角无空洞，新内容能映射到三套之一,少于三套→视角缺位；多于三套→调用碎片化,FounderProfile 不计入；扩 Persona 须同步配齐 RoleProfile,domain_general,KP-product_attribute-persona-three-shell-coverage
RL-KP-product_attribute-persona-shell-not-equal-role,persona_shell_vs_role_distinction,通用 Persona 字段填值或 Prompt 模板设计,Persona 填视角口吻锚点，岗位动作通过 RoleProfile 注入，多岗位共同支撑同一 Persona,Persona 退化为单岗位声音，其他挂接岗位失去承接面，RoleProfile 价值被吃掉,FounderProfile 不适用此解耦；过渡期单挂 RoleProfile 的 Persona 仍按壳填值,domain_general,KP-product_attribute-persona-shell-not-equal-role
RL-KP-training_unit-persona-anti-pattern-checklist,persona_anti_pattern_checklist,Persona 内容出口校验或 Prompt 模板上线,命中反模式即打回真实性纹理被保留,只过字段壳不过反模式 Persona 退化为假人设私域失效,FounderProfile 另行更严反模式；不同 Persona 反模式权重可调,domain_general,KP-training_unit-persona-anti-pattern-checklist
RL-KP-training_unit-collect-real-action-before-script,material_collection_policy,启动 RoleProfile 冷启动素材采集 / 岗位访谈大纲设计,按 6 阶段顺序采集，落到 authenticity_anchors / typical_scenarios / emotional_spectrum 至少两类,先收口号后补动作，材料只剩漂亮总结句，人设被识破为模板,FounderProfile 价值主张采集与合规类 SOP 整理不强套此顺序,domain_general,KP-training_unit-collect-real-action-before-script
RL-KP-training_unit-evidence-shape-four-types,evidence_tagging_policy,任意岗位素材进入素材库 / RoleProfile 字段回填,每条素材都打上四类标签之一并指向具体制品，审计可溯源,素材只剩转述总结，无证据形态标签，被一线追问无法溯源,纯元规则文档与 FounderProfile 价值主张可放宽物证要求，但仍需明示形态,domain_general,KP-training_unit-evidence-shape-four-types
RL-KP-training_unit-collect-failure-not-only-success,anti_ai_flavor_collection_policy,RoleProfile 冷启动素材采集 / 访谈大纲设计 / 素材库验收,5 类负面问题必采 + 负面配额达标，authenticity_anchors 与 emotional_spectrum 落地,只收成功案例与标准答案，人设带 AI 味，被一线识破,合规法律 SOP 不强配额；FounderProfile 创始人困境建议但不强配额,domain_general,KP-training_unit-collect-failure-not-only-success
RL-KP-training_unit-role-material-five-kinds-minimum,role_material_completeness_gate,任意 RoleProfile 冷启动素材验收 / 种子数据准备门禁,5 类必备齐全 + 3 硬证据，岗位画像各字段全部可回填,缺类或缺硬证据，RoleProfile 字段出现空白或空泛，人设不完整,FounderProfile 不套用；成熟岗位补丁不强凑 5 类；缺类标 partial 不得跳过,domain_general,KP-training_unit-role-material-five-kinds-minimum
RL-KP-training_unit-cold-start-role-priority-frontline,cold_start_sequencing_policy,首批 7 岗 RoleProfile 冷启动素材采集排程,P0 四岗 5/3 双门槛达标后再进 P1，三套 Persona 真实底座到位,高层岗先做导致一线缺位，Persona 真实感字段填不出，生成被识破,扩岗与 FounderProfile 不套此排程；P0 短缺资源时同岗补缺不许跳岗,domain_general,KP-training_unit-cold-start-role-priority-frontline
RL-KP-product_attribute-engine-card-vs-play-card-shell,card_shell_layer_enforcement,新增内容技法或升级候选引擎时,引擎卡被多张玩法卡按编号引用字段稳定下游可两步解码,壳互塞导致跨 CT 复述漂移或共享层被单 CT 内容污染,尚未卡片化的跨 CT 技法走候选引擎登记；双引擎融合仍是玩法卡壳,domain_general,KP-product_attribute-engine-card-vs-play-card-shell
RL-KP-product_attribute-play-card-scenario-tag-three-values,play_card_scenario_tag_classification,玩法卡落盘或按业务任务筛选时,引流任务命中拉新玩法接客任务命中留存玩法员工型全标 customer_service,不分 scenario 混池 → 引流推接客玩法或接客推引流玩法,兼容玩法标 both；新增取值走共享层升级流程不许单 CT 发明,domain_general,KP-product_attribute-play-card-scenario-tag-three-values
RL-KP-product_attribute-play-card-tier-three-values,play_card_tier_classification,玩法卡落盘或 Prompt 调用池筛选时,默认池仅 instant+long_term；brand_tier 仅在品牌模式调用,三档混池 → 中小创作者拍不出 / 品牌方方案过小气,一个创意两版本 → 拆两张卡；多维度突破 → 优先 brand_tier,domain_general,KP-product_attribute-play-card-tier-three-values
RL-KP-product_attribute-storyboard-30s-dual-decoding,storyboard_field_dual_decoding,AI 读写玩法卡 30 秒分镜参考字段时,按 output_format 自动选解析器跨 CT 字段名稳定,为文案型建新字段或文案按视频分镜读 → schema 漂移或荒谬产物,C1 占位符不分叉；新增第三种 mode 走共享层升级,domain_general,KP-product_attribute-storyboard-30s-dual-decoding
RL-KP-product_attribute-troop-facing-register-five-fields,troop_facing_register_decoding,ContentType.audience_register = troop_facing 时 5 字段解码,5 字段读为对内训练语义新增内部 CT 直接套用,不分受众默认消费者向 → 培训 SOP 被读成消费者钩子员工拿到的内容用不上,混合受众拆两 CT；新增第三种受众走共享层升级,domain_general,KP-product_attribute-troop-facing-register-five-fields
RL-KP-training_unit-ai-tone-banned-list-veto,ai_tone_banned_list_veto,任意 CT 在 AI 生成草稿落盘前,命中即拒所有 CT 共用同一份黑名单 AI slop 早闸拦截,清单单 CT 复制漂移 / 命中后被后处理修补上线 → 跨 CT 出现同款 AI 句式信任崩塌,豁免走共享层提案；新句式补入共享层清单不在单 CT 私自禁用,domain_general,KP-training_unit-ai-tone-banned-list-veto
RL-KP-training_unit-engine-vs-play-by-cross-ct-test,engine_vs_play_cross_ct_test,新增技法或候选引擎升级裁决,共享层装真·跨 CT 引擎玩法库装 CT 独有玩法层级清晰,独有玩法升共享层 → 共享层污染矩阵覆盖率虚高；或跨 CT 引擎留 CT 内 → 重复发明版本漂移,理论可跨但仅 1 CT 应用 → 进 §I 候选；原理段需重写 → 拆两条,domain_general,KP-training_unit-engine-vs-play-by-cross-ct-test
RL-KP-training_unit-grounding-over-polish-default,grounding_over_polish_default_routing,AI 主导生成内容时的玩法选择与元素组合,输出贴近真实质感，观众感到人创作非 AI 套模板,默认推 C1 → 一眼 AI 味进入 56% AI slop 嫌弃池信任崩塌,用户显式选 polished 时走 brand_tier 分级；趋势变化走共享层升级,domain_general,KP-training_unit-grounding-over-polish-default
RL-KP-training_unit-shared-layer-registration-not-rewrite,shared_layer_registration_only,共享层升级动作（新增引擎 / 扩大回写 / 候选升级）,共享层只追加登记单 CT byte-identical 跨升级溯源清晰,顺手优化玩法卡正文 → 跨多版本后玩法卡内容漂移与外部引用对不上版本回滚成本极高,正文确需修 → 拆两步分两个版本号；不允许同一次提交完成,domain_general,KP-training_unit-shared-layer-registration-not-rewrite
RL-KP-training_unit-enterprise-narrative-anti-ai-tone,anti_ai_tone_review,6 类企业叙事内容（founder_ip / role_work_vlog / event_documentary / product_journey / process_trace / behind_the_scenes）的所有稿件,"稿件落到""决策现场 / 物件证据 / 自我矛盾 / 救场过程 / 边角劳动""等进阶或突破档位；AI 难以零成本仿写；观众有""看见这个人 / 这件事 / 这件衣服""的感觉","稿件本质是""老板坐在办公室对着镜头讲道理""或""老板的一天流水账""或""工厂走一遍配解说""——观众接收到的是结论而非这个人，AI 工具一晚能批量仿出 100 条","命中烂玩法但选题本身有价值 → 加入""具体物件 / 真实代价 / 自我矛盾""中至少一种再发布；创作者条件无法支撑进阶档 → 降到""边角劳动 / 物件特写 / 沉默叙事""等低成本突破玩法",domain_general,KP-training_unit-enterprise-narrative-anti-ai-tone
RL-KP-training_unit-enterprise-narrative-object-witness-over-talking-head,object_first_narrative,"6 类企业叙事的""进阶 / 突破""档；尤其适合 founder_ip / process_trace / behind_the_scenes / product_journey","物件成为""证物 / 错误档案 / 决策对象""；观众从物件细节自动拼出品牌气质与人物性格；AI 难以零成本仿写","物件只是道具背景，人脸口播仍然占主体；或物件被强行""配解说""，观众接收到的还是结论而非现场","找不到合适物件 → 改用""沉默叙事 / ASMR 感官沉浸 / 一镜到底""等同档替代手法（同样是物件 / 声音 / 时间承担叙事）；物件叙事仍嫌单薄 → 叠加""自我矛盾暴露""或""前台后台并置""提升戏剧密度",domain_general,KP-training_unit-enterprise-narrative-object-witness-over-talking-head
RL-KP-training_unit-enterprise-narrative-north-star-first,north_star_first_briefing,6 类企业叙事内容立项；任何品牌、任何门店级别均适用,北极星具体可观测；选题、玩法档位、镜头清单全部围绕北极星反推；成稿后能用北极星做收口验收,"北极星缺位或写成 KPI / 泛话 → 拍出来的内容指向不明，团队各自带着不同理解开拍，观众接收到混合信号；常见症状是""看着不错但说不清想干嘛""",北极星反复写不出具体心理状态 → 选题本身可能不是企业叙事而是商品文案，转去对应字段壳；北极星写出但与品牌长期心智冲突 → 升级到品牌主张层裁决，不在内容运营单点决定,domain_general,KP-training_unit-enterprise-narrative-north-star-first
RL-clothing-as-emotional-medium-stance,schema_meta_rule,全部 ContentType（含 5 类通用 + 18 类交付物层）,"同一件单品在不同 ContentType 中以不同角色出场（测评中是""动作伙伴""、情绪表达中是""防御层""、门店日常中是""被照料的对象""），内容富有层次",全平台所有 ContentType 都把衣服当 SKU（参数+价格+折扣），产出与电商详情页无异，无品牌人格沉淀,多 role 组合（一条内容同时承载 emotional_carrier + sensory_experience）；默认主 role + 副 role 的双标注,domain_general,KP-product_attribute-clothing-as-emotional-medium-stance
RL-content-type-three-tier-maturity,schema_meta_rule,5 类通用 ContentType + Q2 18 类交付物层 ContentType,"平台对每类内容都能识别出""哪条是模板饱和""与""哪条是突破方向""，避免误把饱和模板当作可调用素材",仅维护一档（多半是已饱和的主流玩法）→ 生成结果与市场一致同质化，AI 反向放大模板饱和,tier 命名采用中文对照：已饱和 / 进阶 / 突破；在 9 表 value_set 中冻结三档，禁止新增第四档,domain_general,KP-product_attribute-content-type-three-tier-maturity
RL-concrete-action-over-adjective,language_rewrite_rule,服装 5 类通用 ContentType 的卖点 / 测评结论 / 培训点 / 情绪载体,"文案 / 测评由""显瘦""改为""坐一下午不偷偷扯腰头""、由""舒服""改为""抬手时肩线不拽""，观众在脑内完成""使用预演""，购买决策从审美投票转为身体投票","一连串""高级感/松弛感/氛围感/百搭""出口即写，观众识别为模板，且任意竞品可替换","抽象形容词 → 具体动作（坐 / 走 / 抬手 / 弯腰 / 出汗 / 逆光）；抽象形容词 → 具体场景时刻（早高峰扶杆 / 会议冷气 / 午餐溅汁 / 晚归丢椅背）；抽象形容词 → 触感比喻（""像穿松三年的旧 T 恤那种软""）",domain_general,KP-training_unit-concrete-action-over-adjective
RL-content-template-saturation-anti-pattern,anti_pattern_filter,任何 5 类通用 ContentType 的内容生成调用,"生成内容跳出形容词堆砌与同质模板，落地为具体动作/具体场景/具体身体感受/具体顾虑解除，使观众相信""这条不是 AI 批量""","直接套""显瘦/百搭/高级感+姐妹冲""或""开箱-上身-一句结论""模板生成，产出在第一秒就被识别为模板，观众默认""假，没真穿""，账号差异化归零","平台内置""已被用烂""识别清单 + 进阶/突破玩法库，按 ContentType 分别索引；当请求落入反模式时返回""该写法已饱和，建议改用：[体感测评/打包即内容/感官动词/微测验/沉默叙事]""",domain_general,KP-training_unit-content-template-saturation-anti-pattern
RL-kuleshov-context-driven-emotion-edit,editing_structure_rule,"emotion_expression 类内容 / product_review 中""同一件衣服三种结局""扩展","同一张脸经三组情境 B-roll 被读出三种情绪，观众在投射中体认""自己也被情境推着走""，共鸣深；内容更难被 AI 单镜头模板复刻",主角对镜哭诉 / 伤感 BGM + 大字金句，观众识别为表演式情绪，疲劳率高,中性脸 + 三组 B-roll；衣柜情绪谱（不露脸只拍衣物与手）；同一动作三种情境（地铁 / 雨天 / 办公室）,domain_general,KP-training_unit-kuleshov-context-driven-emotion-edit
RL-objection-clearing-over-selling-points,content_structure_rule,服装高决策品类内容；测评 / 详情页 / 异议处理 / 班前微教练,"内容由""快买""变""我帮你看你最怕的那几件事""；观众感到""你在替我思考""，信任建立后再产生转化","首屏全是 USP 自夸+折扣，用户跳出率高；导购把""显瘦/不会显胯""作为第一句回应，反而触发心理防御","反向命令式开头（""你可能不需要第二件黑外套，除非……""）；反对意见清单 + 实拍证据（怕透/怕显胯/怕扎三件套配 6 秒动图）；拔草型测评（先讲不适合谁，再讲替代方案）",domain_general,KP-training_unit-objection-clearing-over-selling-points
RL-relational-witness-over-monologue,structure_choice_rule,测评 / 情绪表达 / 门店日常；尤其需要建立信任 / 真实感的内容,"单条内容因为关系真实动作（妈妈帮翻后领、同事摘工牌、伴侣披外套）形成""被看见""的体验，观众投射性高，转发收藏率高",主角对镜怼脸自我独白 + 大字金句，观众识别为模板情绪表演，疲劳率高,双人同框 / 画外音吐槽；关系映照（家人/同事/伴侣的小动作）；门店作为关系见证者（不拍脸只拍关系碎片）,domain_general,KP-training_unit-relational-witness-over-monologue
RL-silence-as-pattern-interrupt,format_choice_rule,任意 5 类通用 ContentType；尤其触感测评、门店打包、SOP 演示、情绪表达,"生成内容靠衣架声/布料声/拉链声/环境音/留白排版建立信任与浸入，观众完成""自己脑补情绪""的过程，差异化锐利",默认套热门 BGM + 大字金句 + 快剪 7 秒卡点，产出在饱和模板中被淹没，观众滑过,沉默+环境音；极少字幕（关键字 1-2 字）；白空间排版 + 一句短文案,domain_general,KP-training_unit-silence-as-pattern-interrupt
RL-tactile-cue-language-online-compensation,content_module_rule,服装详情页 / 海报 / 测评视频 / 培训中的面料章节,"观众脑内完成""试穿模拟""，对面料 / 工艺差异有具体感知，文案不再依赖""软""""舒适""等抽象形容词","详情页只用""高品质面料""标签 + 白底主图，没有任何触感证据，观众无法判断面料差异，决策卡死",触感比喻文案（旧 T / 第二层肌肤）；触觉暗示视觉（特写 + 慢动作）；物体声 ASMR（布料 / 拉链 / 扣子）,domain_general,KP-training_unit-tactile-cue-language-online-compensation
RL-KP-product_attribute-content-type-north-star-behind-scenes,content_type_north_star_anchor,新增 BTS 玩法卡或审核一条 BTS 内容时,玩法呈现完成成本 / 翻车 / 边角物件 / 声纹 → 进 C2/C3,只剩搞笑 NG / 流水线 ASMR / 正片预热 → 主流默认禁用,同动作在 event_documentary vs BTS 间按叙事重心二选一,domain_general,KP-product_attribute-content-type-north-star-behind-scenes
RL-KP-product_attribute-content-type-north-star-daily-fragment,content_type_north_star_anchor,新增 daily_fragment 玩法卡或审核碎片内容时,碎片有隐形线索（季节/体感/声音/时间）→ 进 C2/C3,纯审美打卡 + 无选择逻辑 → 主流禁用,与 personal_vlog 边界 = 不连续 vs 连续,domain_general,KP-product_attribute-content-type-north-star-daily-fragment
RL-KP-product_attribute-content-type-north-star-outfit-of-the-day,content_type_north_star_anchor,新增 OOTD 玩法卡或审核 OOTD 内容时,玩法呈现路线/身份/时间/情绪叙事 → C3 突破,镜前转圈+SKU 清单/卡点变装/空词 → 主流禁用+红线,与 product_review 重心区分；与 personal_vlog C3-1 边界延后,domain_general,KP-product_attribute-content-type-north-star-outfit-of-the-day
RL-KP-product_attribute-content-type-north-star-personal-vlog,content_type_north_star_anchor,新增 personal_vlog 玩法卡或审核 vlog 内容时,玩法有连续感+真实波动+微脆弱 → 进 C2/C3,流水账+通用漂亮模板 → 主流禁用；无连续感 → 应归 daily_fragment,不露脸不等于 daily_fragment——区分点是连续性,domain_general,KP-product_attribute-content-type-north-star-personal-vlog
RL-KP-product_attribute-content-type-north-star-role-work-vlog,content_type_north_star_anchor,新增 role_work_vlog 玩法卡或审核岗位 vlog 时,玩法呈现手部+短句判断+失误证物+岗位接力 → 进 C2/C3,可爱员工人设/培训话术/流水账 → 主流禁用,老板兼岗位按叙事重心二选一,domain_general,KP-product_attribute-content-type-north-star-role-work-vlog
RL-KP-service_judgment-store-daily-three-required-elements,content_type_routing_gate,门店相关内容判型时,三轴中≥2 命中 → 归 store_daily,≤1 命中却强归 store_daily → 与 personal_vlog/daily_fragment 玩法库污染,老板出镜按叙事重心二选一（store vs founder_ip）,domain_general,KP-service_judgment-store-daily-three-required-elements
RL-KP-training_unit-emotion-expression-9-ai-tone-banlist,ai_tone_banlist_one_strike,情绪敏感 CT 内容生成或发布前校验,命中即重写 AI 腔被拦截画面/地点/物件锚点齐全,微调绕开 → 观众当场划走情绪资产长期受损,命中但必须表达 → 拆解为具体情境重写不许在原模板改字,domain_general,KP-training_unit-emotion-expression-9-ai-tone-banlist
RL-KP-training_unit-emotion-expression-truth-3-questions-prepublish,pre_publish_truth_validation,emotion_expression C2/C3 玩法卡发布前最后一道校验,三锚点齐全发布观众接住被看见,任一锚点答不仍发布 → 滑向构思情绪剧本资产被污染,答不且无法补真实锚点 → 降级到 humor_content/lifestyle_expression/daily_fragment 或剔除,domain_general,KP-training_unit-emotion-expression-truth-3-questions-prepublish
RL-KP-training_unit-event-documentary-failure-perspective,failure_perspective_breakthrough_play,event_documentary C3 档；事件存在真实失败/低谷瞬间,真实困难展示观众接住扛过的信任沉淀,圆满落幕模板包装 → 流水账观众被流带走信任不沉淀,无失败强凑 → 违 §E 红线；涉第三方 → 转 C3-1 紧张感叙事,domain_general,KP-training_unit-event-documentary-failure-perspective
RL-KP-product_attribute-content-type-north-star-founder-ip,content_type_north_star_anchor,新增 founder_ip 玩法卡或审核一条创始人内容时,玩法呈现具体决策/失败样衣/代价显形/判断证据链 → 进 C2/C3,玩法落到鸡汤口播/流水账/成功拼贴/工厂巡视/对镜穿搭 → C1 强默认禁用,与 role_work_vlog 按第一叙事重心二选一,domain_general,KP-product_attribute-content-type-north-star-founder-ip
RL-KP-product_attribute-content-type-north-star-knowledge-sharing,content_type_north_star_anchor,新增 KS 玩法卡或审核一条 KS 内容时,玩法有现场证据+为什么是你（先讲人生 / 桌面实验 / 错误倒叙 / 听诊器 / 动作证明）→ 进 C2/C3,站桩 3 点 / PPT 大字报 / '99%的人不知道'耸动 → 主流默认禁用,与 training_material 边界延后边界矩阵处理,domain_general,KP-product_attribute-content-type-north-star-knowledge-sharing
RL-KP-product_attribute-content-type-north-star-talent-showcase,content_type_north_star_anchor,新增 talent_showcase 玩法卡或审核一条才艺内容时,玩法呈现过程笨拙/救场/微技能/传递/反预期场景 → 进 C2/C3,只剩成品展示 / 卡点炫技 / 高光合集 → 主流默认禁用,与 knowledge_sharing 按叙事重心二选一,domain_general,KP-product_attribute-content-type-north-star-talent-showcase
RL-KP-product_attribute-content-type-north-star-training-material,content_type_north_star_anchor,新增 training_material 玩法卡或审核兵团向培训内容时,动作层面示范 / 先判断再答案 / 微学习 ≤ 90 秒 / 真实门店 → 进 C2/C3,PPT 录屏 / 话术灌输 / 20 分钟长视频 → 主流默认禁用,与前 17 份消费者向 CT 在观众上硬切换 / 与 store_daily 在目标观众上互逆,domain_general,KP-product_attribute-content-type-north-star-training-material
RL-KP-styling_rule-behind-scenes-invisible-completion-cost,content_play_card_anchor,behind_the_scenes 内容选卡 / 任意品牌日常经营劳动场景,非glamorous劳动+局部特写+疲惫+收尾动作 → 观众接住完成成本产生尊重,拍成流水线 ASMR / 仓库打包美学 / NG 集锦 → 退化主流默认禁用,后台为事件服务 → event_documentary / 成品诞生 → product_journey,domain_general,KP-styling_rule-behind-scenes-invisible-completion-cost
RL-KP-styling_rule-old-sample-as-error-archive,founder_ip_signature_play_priority,服装品牌建立 founder_ip 内容资产 / 选玩法时,用旧样衣具体物件做'判断证据链'叙事 → 信任感远强于口号,讲抽象创业初心/品牌使命无物件 → 鸡汤口播反向伤品牌,没旧样衣 → 退用桌面证物或决策日记；过于敏感 → 用沉默日志或门口角色切换,domain_general,KP-styling_rule-old-sample-as-error-archive
RL-KP-styling_rule-talent-showcase-micro-skill-hundred-reps,content_play_card_anchor,服装行业微技能（丝巾/袖口/下摆/收腰/打结/卷裤脚）的 talent_showcase 内容创作,重复+失败保留+最后一次定格 → 观众接住控制力,只拍成品/卡点炫技 → 退化为 C1 默认禁用,也可走才艺即救场卡,domain_general,KP-styling_rule-talent-showcase-micro-skill-hundred-reps
RL-KP-training_unit-error-first-then-correct-replay,store_training_play_card,高频翻车的接客判断场景（顾客试穿反馈/砍价/退换/试穿犹豫）,30 秒：错+定格+倒带正确版本 → 员工内化判断顺序,先讲正确话术让员工背 → 员工本能反应仍翻车,纯动作 SOP 走 Do/Don't 对照或 SOP ASMR,domain_general,KP-training_unit-error-first-then-correct-replay
RL-KP-training_unit-event-documentary-long-term-tier-discipline,long_term_tier_compliance,事件纪实玩法素材采集天然跨日（如 72 小时时间压缩 / 定点延时）,成片 ≤ 4 小时 + 元数据标 long_term + 进默认调用池,成片不收敛 → 突破基线；或偷换为 4 小时摆拍 → 失去时间真实纵深,创作者无法跨日 → 改用 C3-1/C3-2 等单条完成玩法；成片大幅超 4 小时 → 拆系列短片,domain_general,KP-training_unit-event-documentary-long-term-tier-discipline
RL-KP-training_unit-humor-content-brand-tone-gate-for-puppetry,play_card_brand_tone_gate,humor_content 玩法卡带🎨 品牌调性提示行（如 C3-5 衣架木偶戏）,调性匹配则调用 / 不匹配则改用其他玩法品牌资产不受损,强行调用导致调性硬冲突 → 观众感知装亲民反弹品牌资产受损,中性调性 → 走人工裁决；不匹配 → 改用 C3-1 全调性兼容玩法,domain_general,KP-training_unit-humor-content-brand-tone-gate-for-puppetry
RL-KP-training_unit-humor-content-clothing-as-persona-switch,clothing_as_persona_switch,humor_content 突破性档想做身份反差幽默,笑点来自身份落差服装承担人格开关功能成本极低,服装当反转道具前后换装 → 滑向廉价反转套路观众先看见套路,冷感/高端调性 → 改用认知翻面减弱戏剧性；不愿分饰多角 → 改用评论区第二人格,domain_general,KP-training_unit-humor-content-clothing-as-persona-switch
RL-KP-training_unit-lifestyle-expression-old-defines-premium,old_defines_premium,lifestyle_expression 突破性档；长期主义/反消费主义品牌叙事,真实磨损 + 陪伴叙事自然引出耐穿可修补卖点品牌长期主义可信,伪做旧或摆拍磨损 → 违反真实约束观众秒识破,快时尚品牌或新品发布 → 改用气味叙事/散文电影；无足够磨损旧衣 → 进 unprocessable 不许伪做,domain_general,KP-training_unit-lifestyle-expression-old-defines-premium
RL-KP-training_unit-lifestyle-expression-values-via-rejection,values_via_rejection_play,lifestyle_expression 突破性档想表达生活立场避免说教距离感,拒绝动作 + 物件并排 + 极少字幕观众接住边界感秩序感,slogan 贴脸输出或鸡汤字幕替代生活动作 → 观众识别为说教距离感推开,无具体拒绝场景 → 改用反差场景柔软穿着；动作过戏剧化 → 改用气味叙事视觉化,domain_general,KP-training_unit-lifestyle-expression-values-via-rejection
RL-KP-training_unit-process-trace-stop-the-bad-one-builds-trust,stop_the_bad_one_builds_trust,process_trace 突破性档品牌有自主质检过程,拍被拦下的衣服 + 具体瑕疵 + 返工筐观众接住边界感,严格把控 + 大型工厂全景 + 字幕诗朗诵 → 透明焦虑行业看似公开实则空泛难说服,无质检 → 改用只拍手不拍脸；不便公开瑕疵 → 改用一刀之前的静止,domain_general,KP-training_unit-process-trace-stop-the-bad-one-builds-trust
RL-KP-training_unit-sop-asmr-procedural-memory,store_training_play_card,服装行业可视化 SOP（蒸烫/折叠/装袋/贴标/封口/挂装/量体）,20-60 秒无口播+动作声+关键 1-2 字字幕 → 员工在工作时当场刷一条,PPT 录屏 / 长旁白 / 满屏字 → 程序性记忆通道关闭,接客判断走分支情境或错误先倒回,domain_general,KP-training_unit-sop-asmr-procedural-memory
RL-KP-training_unit-talent-showcase-rescue-not-show-off,talent_as_rescue,talent_showcase 突破性档有真实救场场景,救场叙事观众接住有用有温度把创作者当作值得追随,正面站桩展示完成品 → 只记得会不记得是谁简历感强,无救场对象 → 改用同动作练 100 次；过专业普通观众难识别 → 改用 ASMR 化才艺,domain_general,KP-training_unit-talent-showcase-rescue-not-show-off
RL-KP-product_attribute-content-type-north-star-emotion-expression,content_type_north_star_anchor,新增 emotion_expression 玩法卡或审核情绪内容时,克制具体瞬间+物件载体+关系映照+真实感三问可过 → 进 C2/C3,怼脸独白+伤感BGM / 鸡汤卡片 / 哭腔崩溃 → 主流强默认禁用,与 daily_fragment 在情绪密度上分层 / 与 humor_content 在方向上互逆,domain_general,KP-product_attribute-content-type-north-star-emotion-expression
RL-KP-product_attribute-content-type-north-star-process-trace,content_type_north_star_anchor,新增 process_trace 玩法卡或审核工艺溯源内容时,玩法呈现难伪装步骤 / 感官链条 / 证据链 / 手部叙事 / 不可逆动作前静止 / 被拦下成衣 / 工艺侦探 / 夜班沉默 / ASMR 面料 / 微距 → C2/C3,工厂参观 vlog / 步骤罗列 / 产地口号 / 面料对比模板 / 航拍炫设备 → 主流默认禁用,与 product_journey 按设计决策 vs 工艺验证二选一,domain_general,KP-product_attribute-content-type-north-star-process-trace
RL-KP-product_attribute-content-type-north-star-product-copy-general,content_type_north_star_anchor,新增 PCG 玩法卡或审核一条产品文案时,玩法呈现具体场景/触感比喻/时刻文案/反销售/双栏/反对意见/舞台指令/留白海报 → C2/C3,形容词三连/口号/FABE/小说体/促销链 → C1 默认禁用 + AI 命中红线拒绝输出,与 KS 按教观众 vs 卖商品；与 product_review 按视频 vs 文字,domain_general,KP-product_attribute-content-type-north-star-product-copy-general
RL-KP-product_attribute-content-type-north-star-product-journey,content_type_north_star_anchor,新增 product_journey 玩法卡或审核产品历程内容时,玩法呈现样衣版本树/失败辩论会/同一张桌子/反向发布讲缺点/纸片三连/倒叙拆线/微物叙事 → C2/C3,魔术转场/灵感说明书/上市前预热/设计师自我感动片 → 主流默认禁用,与 process_trace 按设计决策 vs 工艺验证二选一,domain_general,KP-product_attribute-content-type-north-star-product-journey
RL-KP-product_attribute-content-type-north-star-product-review,content_type_north_star_anchor,新增 product_review 玩法卡或审核一条测评内容时,玩法呈现体感测试 / 顾虑解除 / 反种草 / 一天体感 / 触感法庭 → 进 C2/C3,只剩转圈念优缺点 / 形容词三连 / 7 秒换装 / 开箱即结论 / 对照表 → 主流默认禁用,同试穿镜头在 OOTD vs product_review 间按叙事重心二选一,domain_general,KP-product_attribute-content-type-north-star-product-review
RL-KP-product_attribute-pcg-five-voice-archetypes,voice_archetype_field_constraint,为品牌建立 PCG 文案体系 / 单条文案选定声音原型时,按品牌性格选 1-2 个原型作主声 / 跨载体保持一致,AI 不约束原型直接生成 → 电商腔 / 同质化,允许主+副原型组合；新原型走共享层 §H.3 提案不在单 CT 私自新增,domain_general,KP-product_attribute-pcg-five-voice-archetypes
RL-KP-styling_rule-daily-fragment-no-face-traces,content_play_card_anchor,daily_fragment 内容选卡 / 想做更私密更可信的碎片,6 物件痕迹近景+极少字+留白 → 观众通过痕迹补全人物,痕迹做成商品摆拍/加热门歌/AI一键 → 退化为 C1 拼盘,需要露脸建人格 → personal_vlog / 需要说明性 → knowledge_sharing,domain_general,KP-styling_rule-daily-fragment-no-face-traces
RL-KP-styling_rule-emotion-expression-clothes-as-emotion-vessel,content_play_card_anchor,服装行业 emotion_expression 内容（陪伴感品类：针织/外套/衬衫/帽衫）/ 真实归家窗口,一镜到底+服装作为情绪容器+真实环境音 → 观众接住没说出口的悬浮感,服装变成被讲述商品/加伤感BGM/加金句 → 落入 C1 强默认禁用,接客场景不适用 / 显示型搭配走 OOTD,domain_general,KP-styling_rule-emotion-expression-clothes-as-emotion-vessel
RL-KP-styling_rule-ootd-clothes-remember-today,content_play_card_anchor,OOTD 主角服装具有耐穿/耐看/会呼吸的隐性价值（针织/衬衫/牛仔/西装）,30 秒早+中+傍+夜 4 时段时间痕迹 → 观众接住衣服进入生活,镜前转圈+单品罗列/GRWM 最终成片 → 落入 C1 主流默认禁用,聚焦功能场景走 路线卡 / 多年痕迹走 衣橱考古,domain_general,KP-styling_rule-ootd-clothes-remember-today
RL-KP-styling_rule-pcg-moment-over-category,pcg_moment_first_copy_structure,写服装产品文案首屏/钩子标题时,时刻钩子+延迟揭示 → 命中购买决策真实触发点,首屏先给品类+卖点 → 电商模板AI批量赛道,接客高信息密度走直白型；不适合延迟揭示退用具体化+边界声明,domain_general,KP-styling_rule-pcg-moment-over-category
RL-KP-styling_rule-process-trace-rejected-garment,process_trace_rejected_garment_play,做 process_trace 内容选题时,拍质检台被拦下的成衣 + 低声指出具体瑕疵 + 衣服进返工筐 → 信任远强于'严格把控'口号,只拍合格品+励志 BGM → 红线 E1/E5 自找麻烦,无真实拦下案例不得编造；涉商业机密只拍抽象瑕疵不拍批次,domain_general,KP-styling_rule-process-trace-rejected-garment
RL-KP-styling_rule-process-trace-single-hard-fake-step,process_trace_single_node_priority,做工艺溯源内容时选全流程 vs 单点深拍,选最难伪装节点深拍+具体差距数据 → 把'严格把控'变可视化证据,全流程罗列像 SOP 视频化 → 观众跳出,无难伪装节点 → 退用被拦下成衣或夜班沉默；商业机密节点不得披露 → 转感官玩法,domain_general,KP-styling_rule-process-trace-single-hard-fake-step
RL-KP-styling_rule-product-journey-sample-version-tree,product_journey_version_tree_play,服装品牌做 product_journey 选玩法时,桌面摆 1.0/2.0/3.0 + 逐件指否决理由 + 第 4 版被留下 → 信任远强于完美成品展示,只拍最终成品+灵感旁白 → 红线 E1/E2 无法建立价值信任,无版本树 → 退用真实测试或同一张桌子；涉供应商纠纷 → 改用微物或纸片三连,domain_general,KP-styling_rule-product-journey-sample-version-tree
RL-KP-training_unit-knowledge-not-teacher-but-event,knowledge_sharing_open_with_error,写服装 KS 内容前选择开场结构时,0-3 秒被毁样品+'我搞错过' → 倒叙错误动作 → 极短结论 → 完播率高代入感强,开头先给正确答案/三条建议 → 老师腔模板 → AI 味重跳出率高,无错误可调 → 退用一句知识只靠动作或桌面实验；健康/材质话题不得恐吓式表达,domain_general,KP-training_unit-knowledge-not-teacher-but-event
RL-KP-training_unit-product-review-anti-filter-pledge,product_review_anti_filter_pledge,做产品测评内容前的开场结构,反滤镜四项+后续体感+延迟结论 → 饱和赛道稀缺信任资产,滤镜美颜+开场即结论 → C1 协调推广模板被默认禁用,专业摄影身份用其他证据可验证；接客现场无需自述,domain_general,KP-training_unit-product-review-anti-filter-pledge
RL-KP-styling_rule-product-journey-vs-process-trace-boundary,content_type_disambiguation,素材同时含设计改版与工艺验证痕迹时,按 4 维度二选一归类 / 必要时拆条独立成两类内容,混拍 → 落入灵感说明书 + 走进工厂双重 C1 禁用,纯单类素材直接归类无需走本规则；与 founder_ip 按价值观 vs 产品本身分流,domain_general,KP-styling_rule-product-journey-vs-process-trace-boundary
RL-KP-product_attribute-compatibility-matrix-two-layer-truth-source,matrix_truth_source_layering,兼容矩阵 schema 设计或扩展时,Persona×CT 一层真源 + Platform tier 一层真源 + 派生视图组合 → 边数 N×M，新增维度不膨胀,把 CT×Platform 也做成真源边 → 边数 N×M×K 膨胀，两份真源易漂移，扩展路径被锁,未来出现 CT×Platform 特殊例外时按例外加单边升级，不推翻分层,domain_general,KP-product_attribute-compatibility-matrix-two-layer-truth-source
RL-KP-product_attribute-compatibility-edge-support-risk-reason-shell,compatibility_edge_field_shell_definition,录入或复核 Persona × ContentType 兼容边时,support+risk 双维度独立标注，reason 在 support!=now 时填,用 support=custom 表达高风险 / 自造第 5 档枚举 / 把 risk 与 support 合并,需要试运行档走 lifecycle 状态机，不扩 support 枚举,domain_general,KP-product_attribute-compatibility-edge-support-risk-reason-shell
RL-KP-product_attribute-compatibility-derived-view-combination-formula,derived_view_combination_rule,运行时计算 Persona×ContentType×Platform/Channel 派生展示档时,按 8 行组合表映射展示档 + risk 从真源独立继承 + P2/deferred 兜底,用平台 tier 覆盖 risk / 把派生结果写入图谱 / 自造组合规则破坏对齐,未来加品牌级 SUPPORTS_PLATFORM 时在公式前加品牌优先级层,domain_general,KP-product_attribute-compatibility-derived-view-combination-formula
RL-KP-product_attribute-compat-matrix-truth-source-layering,matrix_truth_source_layering_rule,新增/调整 Persona×CT×Platform 矩阵相关任意一条边时,改 Persona×CT 真源 + 改 SUPPORTS_PLATFORM + 派生层运行时计算,新建 Persona×Platform 或 CT×Platform 关系边 / 静态写入派生表,出现单点平台例外可升级为真源边，但默认起点仍是本分层,domain_general,KP-product_attribute-compat-matrix-truth-source-layering
RL-KP-product_attribute-platform-tone-vs-private-outlet-channel-parallel,parallel_object_type_specification,设计或评审平台层对象类型 / Q3 真源被 Q4 引用时,保留两类并列实体 派生引擎正确区分公私域查 tier 导购私域转化主路径完整可见,合并为单一 Platform 或引入 DistributionTarget→公私域字段差异被压扁→私域转化被算法逻辑误导,口语统称允许；新增第三类→新增并列实体；想统一查询→union 视图层 不合并底层,domain_general,KP-product_attribute-platform-tone-vs-private-outlet-channel-parallel
RL-KP-service_judgment-derived-view-risk-inherits-from-source-edge,derived_view_risk_propagation,"派生引擎计算 (Persona,ContentType,Platform/Channel) 三元组的风险位时",risk 100% 来自真源边 风险信息全链路保真 不被平台档位稀释,按 tier 折算风险→高 tier 平台把人设错位高风险吞掉→品牌真实性塌陷,平台合规风险独立挂 PlatformTone.platform_risk；想降 risk 改真源边不走平台稀释,domain_general,KP-service_judgment-derived-view-risk-inherits-from-source-edge
RL-KP-service_judgment-product-review-concerns-clearance-on-spot,on_spot_concerns_clearance_test,实体门店接客 / 顾客已说出具体顾虑 / 1-2 人即可,复述顾虑+现场测试（逆光/侧身/贴脸颊）+延迟结论 → 顾客被同盟而非被种草,形容词代替测试 → E1 红线 / 主动列优点不让说顾虑 → 销售推销 / 测完直接催单 → 硬广反感,顾客未说顾虑 → store_daily 欢迎流程 / 顾虑超出测试能力 → C2-3 面料侦探 / 引流场景 → C3-2 创作者自述版,domain_general,KP-service_judgment-product-review-concerns-clearance-on-spot
RL-KP-styling_rule-behind-scenes-parallel-split-screen,content_play_card_anchor,behind_the_scenes 拍摄/上新/门店现场 + 1-2 人 + 剪映双屏,左右同步并置（体面 vs 救火）→ 调用共享引擎 #2 认知反转 → C3 突破档,做成前后切换 → 退化为 event_documentary C3-3 / 无真实画面外素材强行分屏 → 表演化,后台为事件服务 → event_documentary 错位展示版本,domain_general,KP-styling_rule-behind-scenes-parallel-split-screen
RL-KP-styling_rule-behind-scenes-store-soundprint,content_play_card_anchor,实体门店 BTS 选卡 / 想沉淀品牌声音资产 / 1 人手机+可选领夹麦,10 段店内空间声音+极近景+中段静音+关灯收尾 → 共享引擎 #11 ASMR → 闭眼能听完,配 BGM 遮原声 / 视觉为主 / 复用同声音 → 退化为店内 vlog / 商品音效广告,工作动作 ASMR → role_work C3-3 / 面料触感 → process_trace C3-6 或 product_review C3-3 / 生活时段声音 → daily_fragment C3-4,domain_general,KP-styling_rule-behind-scenes-store-soundprint
RL-KP-styling_rule-daily-fragment-fixed-corner-time-fold,content_play_card_anchor,daily_fragment long_term 选卡 / 5-7 天连续素材积累 / 服装品牌做陪伴感内容,固定机位+跨日重复同时刻+服装作为时间变化证据 → 不连续瞬间集合的隐形时间线索,加旁白讲故事 → 滑向 personal_vlog 连续感 / 加穿搭讲解 → 滑向 OOTD/硬广,无法等多日 → C3-2 单日痕迹版 / 单日时段切换 → C3-5 同一椅子四次,domain_general,KP-styling_rule-daily-fragment-fixed-corner-time-fold
RL-KP-styling_rule-daily-fragment-sensory-sort-not-time,content_play_card_anchor,daily_fragment 单日 4 小时 / 想突出体感而非事件,三段感官分类（最软/最吵/最安静）+ 字幕极简 → 观众接住体感不是行程,做成商品分类 → 产品广告 / 加事件解释 → 滑向 personal_vlog,时间线索 → C3-1 / 声音单维度 → C3-4 / 决定穿什么 → OOTD C3-5,domain_general,KP-styling_rule-daily-fragment-sensory-sort-not-time
RL-KP-styling_rule-daily-fragment-single-chair-time-fold,content_play_card_anchor,daily_fragment 单日 4 小时内完成 / 服装品牌做温柔叙事,单机位+4 时段道具替身（外套/咖啡/购物袋/灯）+只露手+停 2 秒 → 服装作为情绪载体,换成商品摆拍/字幕讲卖点/加 BGM → 退化为商品碎片或 store_daily,想跨日 → C3-1 同一角落 / 想出镜 → personal_vlog / 想拍商品 → OOTD 或 product_review,domain_general,KP-styling_rule-daily-fragment-single-chair-time-fold
RL-KP-styling_rule-ootd-micro-suspense-decision-chain,content_play_card_anchor,OOTD C3 突破档 / 服装可解决具体场景问题 / 1 人手机 4 小时内,微悬疑开场+换装因果链（手机震动/走光/线头）+收口悬疑 → 决策过程被叙事化,因果改卡点 → C1-3 默认禁用 / 换装无因果 → 流水账 / 悬疑不收 → 钩子断,无功能差异 → C3-2 身份协商或 C3-6 情绪衣橱 / 不擅剪因果 → C3-1 路线适配 / 商品顾虑证据 → product_review C3-2,domain_general,KP-styling_rule-ootd-micro-suspense-decision-chain
RL-KP-styling_rule-ootd-route-fitness-not-display,content_play_card_anchor,OOTD C3 突破档 / 服装有真实生活功能可拍 / 1 人 1 手机真实路线,真实路线+4 个生活功能字幕（挡风/收袖/走动/松弛）→ 观众接住生活+情绪双功能,空词字幕 → E3 红线 / 加 SKU 报菜名 → E4 红线 / 摆拍多机位 → 镜前转圈变体,商品评测重心 → product_review C3-1 / 个人情绪流 → personal_vlog / 礼服无功能 → C3-2 身份协商或 C3-6 情绪衣橱,domain_general,KP-styling_rule-ootd-route-fitness-not-display
RL-KP-training_unit-behind-scenes-near-disaster-narrative,bts_near_disaster_narrative_arc,BTS 进阶档玩法（C2-1/C2-4/C3-1/C3-8）选材,1 个翻车点+临场调整+最终镜头定格2秒 → 观众获得参与感+理解品牌为什么这样呈现,翻车点平铺/只拍翻车不拍解决/搞笑 BGM 喂点 → C1-1 NG 集锦默认禁用 / 凡尔赛抱怨 → E5 演戏红线,翻车连载化 → C3-8 自嘲家族 / 翻车无解决 → C2-2 非 glamour 劳动,domain_general,KP-training_unit-behind-scenes-near-disaster-narrative
RL-KP-training_unit-ootd-anti-hard-ad-discipline,ootd_anti_hard_ad_discipline,OOTD 进阶档以上字幕/口播/形容词检查,功能或问题字幕+动作和理由口播+可验证细节形容词 → C2/C3 进阶档成立,SKU 清单字幕/姐妹冲口播/氛围感空词 → 命中 E3/E4/E6 → C1 默认禁用,评测重心 → product_review / 标 SKU → product_copy_general,domain_general,KP-training_unit-ootd-anti-hard-ad-discipline
RL-KP-service_judgment-product-review-tactile-court-three-piece-compare,tactile_court_three_piece_audio_compare,实体门店接客 / 顾客在 2-3 件同品类间犹豫 / '看起来差不多但价格差大'的品类,桌面俯拍三件+三段测试（揉搓/拉伸/贴麦）+单维度裁决 → 顾客自得结论,边操作边口播 → 退口播销售 / 多维度同时裁决 → 信息过载 / 不同品类对照 → 失对照前提,单件无对照 → C3-2 顾虑解除 / 触感差异不明显 → C2-3 面料侦探 / 顾客不愿等 → store_daily 高效接客,domain_general,KP-service_judgment-product-review-tactile-court-three-piece-compare
RL-KP-training_unit-product-review-fabric-detective-spec-party,fabric_detective_evidence_chain,材质差异显著的服装品类 / 不擅长口播的创作者 / 1 人手机+可选微距夹镜头,五步证据链（洗标→纱线→揉搓→对比→收口）+ 术语字幕化 → 信息服务型稀缺测评,成分=唯一卖点 → 体感缺失 / 揉搓不对比 → 失证据 / 加'高级面料'形容词 → C1 默认禁用 / 微距拍不清 → 证据失效,材质差异不显著 → C3-3 触感法庭 / 体感反馈 → C2-1 体感测评 / 反种草 → C2-4,domain_general,KP-training_unit-product-review-fabric-detective-spec-party
RL-KP-product_attribute-enterprise-narrative-six-section-shell,schema_template_application,6 类企业叙事内容生产；任何品牌、任何门店级别均适用,"6 字段全部具体填满；选题在""进阶""或""突破""档位；明确避开主流烂玩法；制作难度与拍摄者条件匹配 → 内容立得住、可执行","字段缺位或被泛话填充（例如""输出有价值的内容""），落到主流烂玩法档位却不自知，结果是 AI 一眼能仿、观众一眼能跳",enterprise_narrative 6 段字段壳,domain_general,KP-product_attribute-enterprise-narrative-six-section-shell
